1,2,3,4
郝,欣妍,drisbridge0@storify.com,Bigender
鱼,思宇,dpoland1@pcworld.com,Male
越,秩选,mliven2@jiathis.com,Male
浦,可馨,tlewendon3@epa.gov,Female
终,晓晴,jbiernacki4@furl.net,Female
秋,冠希,btrappe5@mozilla.org,Male
狄,莉姿,rsitlington6@usatoday.com,Female
范,辰华,pskep7@prweb.com,Female
臧,博豪,wpotticary8@tiny.cc,Male
姚,漫妮,mgascard9@symantec.com,Female
瞿,伟菘,eherriesa@paypal.com,Female
吴,婧涵,ifulleyloveb@tiny.cc,Male
岑,若瑾,gtacec@dot.gov,Female
水,俊誉,abilovusd@disqus.com,Male
傅,轩硕,bmatveicheve@examiner.com,Female
权,剑波,hchallensf@quantcast.com,Male
冉,睿杰,bbardwellg@latimes.com,Male
耿,宸瑜,dgoterh@slashdot.org,Male
宫,展博,cdomkei@ebay.co.uk,Male
焦,晓晴,jwintonj@yelp.com,Genderfluid
吴,晓晴,gwreakk@zimbio.com,Male
水,皓睿,rmacallenl@drupal.org,Female
匡,钰彤,vspencersm@dropbox.com,Male
乔,美琳,rsillen@de.vu,Female
瞿,银含,tpidwello@domainmarket.com,Female
终,睿杰,ldegiorgisp@unicef.org,Female
雷,晧宇,hanteckiq@posterous.com,Male
武,梓彤,scristofarir@fotki.com,Male
别,梦洁,wgrafhoms@discuz.net,Female
韦,琪煜,jcorteset@seesaa.net,Male
段,晓晴,bmingetu@netvibes.com,Male
彭,永鑫,nsunnerv@nydailynews.com,Female
单,雨婷,mbrownw@engadget.com,Male
赵,芮涵,ravramovskyx@dmoz.org,Female
宫,香茹,dramasy@tiny.cc,Female
巩,轩硕,tbohlensz@wikipedia.org,Male
丰,烨伟,acowpertwait10@home.pl,Genderfluid
桂,韵寒,sarkil11@army.mil,Female
詹,娅楠,ggadie12@house.gov,Female
养,羽彤,tzollner13@goodreads.com,Male
王,宸瑜,pscampion14@addtoany.com,Non-binary
戚,鑫蕾,keggleton15@clickbank.net,Male
金,龙胜,wklesse16@4shared.com,Male
夏,尹智,mtomsa17@ameblo.jp,Male
伏,培安,froper18@canalblog.com,Female
江,彦军,tlavies19@multiply.com,Male
麻,思宇,mtomasek1a@gov.uk,Male
蔺,彦军,grussilll1b@weibo.com,Male
养,正梅,bbraksper1c@eventbrite.com,Female
戚,墨含,jgower1d@boston.com,Male
巴,玺越,mstare1e@youtu.be,Male
刁,泰霖,dbroadbury1f@youtube.com,Female
桂,俊誉,fcrosfeld1g@eepurl.com,Male
陈,琪煜,dduerden1h@archive.org,Female
羊,泰霖,kchatburn1i@gnu.org,Male
翟,展博,ehelm1j@joomla.org,Female
束,浩成,dhurford1k@redcross.org,Male
庞,展博,thayball1l@hud.gov,Male
双,泽瀚,wburriss1m@geocities.jp,Male
卜,清凌,vmackenney1n@bbb.org,Male
芮,伟菘,wthiolier1o@webeden.co.uk,Female
宿,辰华,ljiran1p@wikia.com,Male
仲,哲恒,qtwitchett1q@soundcloud.com,Male
杨,晓晴,vreyburn1r@flickr.com,Male
骆,军卿,rfransinelli1s@feedburner.com,Female
宦,碧萱,fdowsey1t@howstuffworks.com,Female
嵇,昕磊,dtulloch1u@prweb.com,Bigender
韦,宸瑜,rdexter1v@sun.com,Male
姚,浩成,sruddle1w@msn.com,Bigender
全,俞凯,eferris1x@ehow.com,Male
卞,韵寒,theinish1y@godaddy.com,Male
邰,海程,ecoatham1z@storify.com,Male
甘,辰华,acarmont20@meetup.com,Male
倪,海程,cwelds21@guardian.co.uk,Female
包,芮涵,hmeininking22@bizjournals.com,Female
詹,松源,slatty23@eventbrite.com,Female
宫,云哲,bchanner24@webeden.co.uk,Male
管,展博,mniland25@reuters.com,Female
禄,佐仪,bkevern26@networksolutions.com,Female
荆,澄泓,sgarrie27@unicef.org,Female
栾,宸赫,mscarlet28@ycombinator.com,Female
胡,玺越,lmeadmore29@macromedia.com,Male
居,芮涵,fscoone2a@shinystat.com,Genderqueer
计,钰彤,fkuna2b@reuters.com,Male
顾,彦军,tfenich2c@cbc.ca,Female
储,梓焓,scominetti2d@techcrunch.com,Male
印,军卿,mkurdani2e@opensource.org,Female
步,嫦曦,eabramamovh2f@technorati.com,Female
步,可馨,hzoephel2g@symantec.com,Female
昌,墨含,lhumes2h@paypal.com,Female
戴,梦婷,flauxmann2i@miibeian.gov.cn,Female
党,芮涵,cwormald2j@auda.org.au,Male
费,思宇,nswanson2k@is.gd,Female
梁,鑫蕾,vgirvin2l@marriott.com,Female
贺,远帆,rhemphill2m@shinystat.com,Male
张,晓烽,cfake2n@mlb.com,Male
宗,瀚聪,tkramer2o@tinyurl.com,Female
卢,思宏,htarburn2p@cocolog-nifty.com,Male
左,宸瑜,gmoney2q@noaa.gov,Male
羿,宸赫,mdibiasi2r@amazonaws.com,Male
苏,俊泽,rrobiou2s@fastcompany.com,Female
罗,伟宸,dmingard2t@usatoday.com,Male
诸,宸瑜,aclaughton2u@deliciousdays.com,Male
贝,博裕,elavington2v@digg.com,Male
农,俊泽,kwalkden2w@webnode.com,Genderqueer
程,雨萌,nmacuchadair2x@squarespace.com,Female
计,彦军,lbutcher2y@nymag.com,Genderqueer
龚,松源,frubinshtein2z@ucla.edu,Agender
蒯,军卿,sstory30@google.de,Female
辛,若瑾,sdowsey31@hexun.com,Male
齐,宇涵,jayto32@webeden.co.uk,Genderfluid
广,海程,gocrigane33@quantcast.com,Male
祝,清凌,oculverhouse34@tinypic.com,Female
红,浩霖,dolivella35@aboutads.info,Female
路,静香,esegeswoeth36@dailymotion.com,Female
尚,雨婷,mphilippon37@about.me,Male
张,正梅,crobjents38@theguardian.com,Male
暴,泰霖,tcrepel39@typepad.com,Female
熊,宸赫,sbotham3a@omniture.com,Female
蒯,梦婷,nkloss3b@exblog.jp,Female
都,伟菘,bcicco3c@cnbc.com,Male
丁,笑薇,sturneux3d@mozilla.org,Male
顾,志宸,lpreator3e@yale.edu,Female
能,梦洁,cborthe3f@google.com.br,Male
储,泰霖,kitzchaki3g@ucsd.edu,Male
卜,宇涵,obrothers3h@ustream.tv,Female
容,美琳,gposnette3i@pagesperso-orange.fr,Male
糜,永鑫,ihamlet3j@earthlink.net,Female
湛,美莲,zlongland3k@livejournal.com,Female
杨,婧涵,gcoverlyn3l@businesswire.com,Male
晏,宸赫,npaulisch3m@uol.com.br,Female
戈,唯枫,pdemaid3n@nytimes.com,Male
越,银含,drodolico3o@pen.io,Female
廉,鑫蕾,ngiblin3p@pinterest.com,Male
苍,尚贤,ggammell3q@oakley.com,Genderfluid
萧,茹雪,gcarreck3r@epa.gov,Female
魏,俞凯,aenrrico3s@tripadvisor.com,Polygender
潘,彦军,aaldgate3t@behance.net,Female
裴,芮涵,pbuard3u@forbes.com,Male
僪,月婵,fouthwaite3v@ft.com,Female
华,瀚聪,roxenden3w@biglobe.ne.jp,Female
嵇,永鑫,fradnage3x@multiply.com,Female
詹,婧涵,pwadsworth3y@nba.com,Female
诸,宸赫,lmille3z@studiopress.com,Female
庄,哲恒,ggindghill40@google.co.uk,Female
夔,云哲,clovejoy41@archive.org,Female
强,剑波,cstrut42@bizjournals.com,Male
隆,尹智,dcuttler43@tinyurl.com,Male
权,伟菘,lchadburn44@tuttocitta.it,Female
敖,羽彤,jdaymond45@wunderground.com,Female
娄,尹智,cjammes46@1und1.de,Male
庾,展博,fbakhrushkin47@un.org,Female
訾,宸赫,khattoe48@cbsnews.com,Male
牛,崇杉,vshivlin49@seattletimes.com,Female
邓,尹智,rskipton4a@usa.gov,Female
鲁,孜绍,rskipper4b@prweb.com,Female
毕,浩成,cwhitelock4c@netscape.com,Male
边,香茹,egammett4d@zdnet.com,Male
房,泽瀚,zbetterton4e@telegraph.co.uk,Male
毕,军卿,daspital4f@hugedomains.com,Male
谈,芮涵,chacquel4g@tripadvisor.com,Male
项,韵寒,sdoodson4h@china.com.cn,Female
鲍,博豪,tpittam4i@marketwatch.com,Female
汤,雅静,cmurthwaite4j@nationalgeographic.com,Male
娄,俞凯,bhamshar4k@github.com,Female
米,若瑾,jjewks4l@exblog.jp,Female
鞠,清凌,jbuffy4m@quantcast.com,Female
陈,晧宇,kizhak4n@toplist.cz,Male
于,哲恒,cburgot4o@mayoclinic.com,Non-binary
詹,思宏,sbarkworth4p@google.pl,Male
骆,泽瀚,lgwilliams4q@columbia.edu,Female
赖,玺越,aspendlove4r@1und1.de,Male
都,淑颖,sphinnessy4s@gmpg.org,Male
曹,秩选,ashillaber4t@disqus.com,Female
冉,秩选,sbellie4u@xrea.com,Male
冷,培安,aechalier4v@youku.com,Male
贝,凰羽,hbeeho4w@guardian.co.uk,Male
勾,婧琪,huppett4x@issuu.com,Female
石,梓焓,trolstone4y@feedburner.com,Female
国,俊誉,oyouthead4z@amazonaws.com,Male
辛,清凌,gchene50@fc2.com,Male
强,凰羽,gsnedden51@chronoengine.com,Female
沃,宸赫,kbridie52@arstechnica.com,Female
诸,香茹,plefranc53@wunderground.com,Male
荆,碧萱,chadingham54@squidoo.com,Male
元,萧然,gthornebarrow55@vinaora.com,Female
屈,娅楠,jbonnick56@uiuc.edu,Male
公,若瑾,bliverock57@theatlantic.com,Bigender
宫,钰彤,eyuranovev58@samsung.com,Agender
隗,丰逸,bcarreyette59@desdev.cn,Female
奚,银涵,kkorn5a@hostgator.com,Male
空,展博,astalley5b@umn.edu,Female
却,伟菘,ldurdy5c@nsw.gov.au,Male
茅,伟宸,epiddocke5d@symantec.com,Male
索,梓彤,msummerton5e@hubpages.com,Bigender
牛,云哲,hevins5f@statcounter.com,Female
禄,昱漳,gparks5g@altervista.org,Female
洪,孜绍,cmemory5h@hostgator.com,Female
葛,雅静,mspender5i@shinystat.com,Female
钮,晓晴,freskelly5j@sfgate.com,Female
昌,欣妍,jboddam5k@europa.eu,Male
陆,秩选,rvotier5l@unblog.fr,Male
訾,思宇,kserjent5m@tripod.com,Male
通,雨婷,afuzzens5n@google.pl,Female
屠,美莲,bgyse5o@java.com,Female
沈,雅芙,fbowstead5p@last.fm,Female
茅,佐仪,jpetric5q@bluehost.com,Female
翟,博裕,nsturgis5r@odnoklassniki.ru,Female
史,雅芙,vlufkin5s@oracle.com,Female
国,秩选,ffritchley5t@comsenz.com,Male
家,可馨,aheinig5u@si.edu,Male
聂,欣妍,cknee5v@upenn.edu,Female
印,雪丽,amowle5w@soundcloud.com,Bigender
娄,欣妍,gluetchford5x@usa.gov,Male
蒲,佐仪,dgraber5y@chron.com,Female
管,晓烽,fjobe5z@shinystat.com,Male
郁,博裕,akillimister60@stanford.edu,Female
苗,晧宇,dtessington61@miibeian.gov.cn,Agender
逮,尚霖,apinner62@google.es,Male
戈,轩硕,lcaunt63@techcrunch.com,Male
何,雨萌,dwhitley64@discuz.net,Male
鲍,若瑾,jgasperi65@loc.gov,Female
宰,伟菘,oposselwhite66@constantcontact.com,Female
苗,辰华,maubri67@springer.com,Female
蒲,晓烽,gkrolak68@istockphoto.com,Female
蓝,怡香,wwoodham69@indiegogo.com,Agender
路,娅楠,astemson6a@msn.com,Agender
融,琪煜,kdebruyn6b@bloglovin.com,Female
卜,孜绍,wgarci6c@scribd.com,Female
从,哲恒,dakram6d@dagondesign.com,Male
乌,雪丽,strawin6e@si.edu,Female
靳,浩成,kvittore6f@harvard.edu,Female
杜,远帆,sboud6g@msn.com,Female
闻,雨婷,ileband6h@typepad.com,Female
祝,雨萌,gsymington6i@slideshare.net,Agender
李,轩硕,acrean6j@mlb.com,Female
傅,烨伟,hgeorgiades6k@webmd.com,Male
孙,月松,cburgum6l@jigsy.com,Female
沙,晓晴,plevay6m@sakura.ne.jp,Female
钱,唯枫,groblou6n@slashdot.org,Non-binary
马,松源,squeenborough6o@reference.com,Female
连,孜绍,rbrocklebank6p@networksolutions.com,Female
纪,雨嘉,cseabrooke6q@twitter.com,Male
樊,芮涵,siacomettii6r@people.com.cn,Male
贡,晓晴,bgilbey6s@fastcompany.com,Male
郝,银涵,bboddington6t@walmart.com,Male
陈,晧宇,hivashinnikov6u@barnesandnoble.com,Male
裘,依娜,kcraise6v@trellian.com,Male
寇,睿杰,abondesen6w@tinypic.com,Male
吕,雨婷,dpepler6x@deviantart.com,Non-binary
高,思宇,akeough6y@squarespace.com,Bigender
牛,昕磊,ebirley6z@webmd.com,Female
段,雅芙,nswainston70@theglobeandmail.com,Male
须,梓焓,gmark71@upenn.edu,Female
卜,美琳,gcummine72@bloomberg.com,Male
崔,泰霖,eyegorkov73@mlb.com,Male
燕,雅芙,mmckeown74@buzzfeed.com,Male
殳,慧妍,bveltman75@scribd.com,Female
梅,博裕,binston76@aol.com,Male
熊,莉姿,kvale77@microsoft.com,Male
董,志宸,pscholte78@buzzfeed.com,Male
广,漫妮,sjubb79@indiatimes.com,Male
时,澄泓,rbatts7a@gizmodo.com,Male
卫,皓睿,chatchard7b@discovery.com,Male
赖,碧萱,bstiling7c@jigsy.com,Female
贺,晓烽,dzelley7d@engadget.com,Female
松,云哲,csivier7e@domainmarket.com,Female
翁,漫妮,ranney7f@howstuffworks.com,Male
韩,彤雨,kpetrello7g@google.pl,Female
席,佐仪,acluckie7h@barnesandnoble.com,Male
闵,睿杰,cstedman7i@shareasale.com,Female
罗,依娜,bmadgin7j@techcrunch.com,Female
元,志宸,nhymor7k@imdb.com,Female
邴,昕磊,rbrixey7l@ocn.ne.jp,Male
暨,玺越,boneile7m@nymag.com,Female
昝,浩成,lcattlow7n@bloomberg.com,Male
郜,婧涵,tbarkas7o@thetimes.co.uk,Male
束,远帆,spaute7p@fastcompany.com,Female
全,若瑾,mwithull7q@posterous.com,Male
邴,永鑫,gdahler7r@nba.com,Female
杨,宸瑜,magutter7s@bizjournals.com,Female
池,彦歆,ahendron7t@mlb.com,Female
糜,澄泓,ptiddeman7u@bloglovin.com,Female
罗,凰羽,bwolfendell7v@desdev.cn,Bigender
臧,哲恒,nhaggata7w@twitter.com,Female
居,梦婷,mtroke7x@meetup.com,Female
阳,凰羽,demnoney7y@scribd.com,Male
益,永鑫,bdrewett7z@gmpg.org,Male
干,皓睿,mlongina80@nih.gov,Female
水,佐仪,aforsdicke81@scribd.com,Female
米,泽瀚,kgaitone82@cmu.edu,Female
纪,琪煜,bwillment83@google.it,Male
糜,思宇,tgogin84@hao123.com,Female
昌,俊誉,stesche85@wordpress.org,Male
桑,松源,ciacofo86@amazonaws.com,Female
谷,崇杉,lbolley87@google.com.hk,Female
山,浩霖,kmcgarrahan88@nymag.com,Female
后,伟菘,csidlow89@paginegialle.it,Male
谭,墨含,tswan8a@eepurl.com,Bigender
左,怡香,bgoldsby8b@chronoengine.com,Female
贡,彦歆,gtoplin8c@ezinearticles.com,Male
刁,慧妍,hhalley8d@google.co.jp,Female
翟,茹雪,tyerborn8e@mozilla.com,Female
晁,银含,skierans8f@amazon.co.jp,Female
胡,烨伟,etrumble8g@pcworld.com,Female
姬,雪怡,ptaillard8h@meetup.com,Female
齐,碧萱,jsoars8i@yahoo.com,Genderqueer
童,美琳,vlattie8j@hostgator.com,Male
乜,澄泓,gtattam8k@addthis.com,Female
罗,浩成,gleyshon8l@sfgate.com,Male
白,月婵,hbruhnicke8m@cyberchimps.com,Female
黄,俞凯,mrobinet8n@ca.gov,Female
盛,钰彤,jarchard8o@yellowpages.com,Male
郗,佐仪,hfendt8p@businesswire.com,Genderfluid
农,嫦曦,mmattock8q@answers.com,Female
咸,尚霖,mcrichten8r@mac.com,Male
红,晧宇,tduncanson8s@freewebs.com,Female
杨,依娜,tjanew8t@spiegel.de,Female
房,轩硕,rbrugsma8u@gmpg.org,Male
桓,伟菘,slammas8v@php.net,Male
詹,尚霖,econyers8w@theguardian.com,Agender
汤,俊泽,ndrennan8x@typepad.com,Genderqueer
丰,云哲,aozanne8y@scientificamerican.com,Male
干,晧宇,craiment8z@biblegateway.com,Female
陆,碧萱,ppitchers90@bing.com,Female
欧,茹雪,esimcoe91@livejournal.com,Female
越,俊誉,ksimonazzi92@booking.com,Male
庾,梓彤,rduprey93@nifty.com,Male
益,浩成,pyakebowitch94@ebay.co.uk,Female
锺,彦军,bgooday95@github.com,Female
邵,晓烽,aodell96@narod.ru,Female
裴,剑波,dsinson97@linkedin.com,Female
聂,昕磊,tthirlaway98@ibm.com,Female
宓,志宸,hwrathmell99@reference.com,Female
薛,雪丽,lrayner9a@icio.us,Female
李,佐仪,dcahan9b@amazon.de,Female
邹,静香,raizkovitch9c@prnewswire.com,Female
仰,澄泓,abetteney9d@hp.com,Male
刘,伟宸,pcabane9e@smh.com.au,Female
蔺,嫦曦,mhazelgrove9f@comsenz.com,Male
仲,雪丽,abrose9g@smh.com.au,Female
蒲,俊泽,bkennally9h@1688.com,Male
尤,雨婷,ptrayes9i@cbslocal.com,Male
秦,琪煜,umcquarter9j@reference.com,Male
於,美莲,rbogays9k@hc360.com,Male
郁,凰羽,jrumke9l@time.com,Female
饶,瀚聪,ggullberg9m@newsvine.com,Male
娄,浩霖,bcrannage9n@addtoany.com,Male
骆,昕磊,korrobin9o@soup.io,Male
阮,秉皓,jpitchers9p@ameblo.jp,Bigender
米,碧萱,gfeely9q@hubpages.com,Female
房,银涵,hyurasov9r@moonfruit.com,Male
乔,彤雨,rchasmoor9s@columbia.edu,Female
陶,雨嘉,leales9t@4shared.com,Female
戎,梓焓,kgoodlife9u@godaddy.com,Male
康,宸瑜,kminnette9v@pcworld.com,Female
屠,慧妍,rgrancher9w@blogtalkradio.com,Male
洪,娅楠,gduckers9x@reference.com,Female
黄,羽彤,jcaddock9y@unicef.org,Male
隆,宸赫,lboycott9z@stanford.edu,Male
逮,若瑾,jgiera0@bigcartel.com,Male
仇,尹智,kbrocketa1@wikispaces.com,Female
桓,银含,abuchanana2@fastcompany.com,Male
班,伟菘,ssconesa3@stanford.edu,Male
弘,志宸,cmoata4@multiply.com,Non-binary
敖,宸瑜,hphipardshearsa5@ted.com,Male
公,博裕,kbardaya6@msu.edu,Male
荆,明美,msinyarda7@timesonline.co.uk,Female
柳,雪丽,eslimingsa8@deliciousdays.com,Female
解,昱漳,bseelya9@friendfeed.com,Male
路,烨伟,vogelbeaa@mapy.cz,Male
余,泽瀚,dholsteinab@wikipedia.org,Male
强,瀚聪,ftoolinac@sogou.com,Male
叶,慧妍,sbuxyad@tinyurl.com,Male
相,松源,gpockettae@hatena.ne.jp,Female
伏,海程,fmcalarneyaf@canalblog.com,Male
干,可馨,rodohertyag@uol.com.br,Female
相,烨伟,gdunsireah@google.de,Female
康,尚贤,rjirickaai@altervista.org,Male
米,秩选,lformilliaj@washington.edu,Female
莫,琪煜,dgrolleak@alibaba.com,Male
齐,婧琪,geisakal@nhs.uk,Female
邴,亦涵,tbowbrickam@4shared.com,Female
凤,澄泓,mharriganan@umich.edu,Polygender
阳,静香,jfrielao@ocn.ne.jp,Genderqueer
樊,佐仪,rfitzsymondsap@dropbox.com,Female
梅,璟雯,gnortheastaq@chronoengine.com,Female
廖,浩成,mtchaikovskyar@sina.com.cn,Male
戎,彦军,ecowlandas@oaic.gov.au,Male
明,辰华,bellicottat@technorati.com,Female
盍,展博,sporterau@freewebs.com,Male
宓,雪怡,dfeeneyav@ftc.gov,Male
庄,尚霖,cgarrattyaw@google.ru,Male
关,泰霖,rruslingeax@booking.com,Female
芮,烨伟,lmolday@deviantart.com,Male
时,尹智,ldowreyaz@nbcnews.com,Female
慎,晓烽,aorrb0@shop-pro.jp,Male
卜,泽瀚,jlaniganb1@smugmug.com,Male
居,彤雨,crenadb2@sfgate.com,Female
昌,俞凯,zhunstoneb3@nymag.com,Agender
明,萧然,lphilpotsb4@github.com,Female
施,晧宇,dmayhoub5@nps.gov,Non-binary
危,雅芙,hjaumeb6@purevolume.com,Male
仇,月松,bgetleyb7@behance.net,Male
云,韵寒,hdashkovichb8@spiegel.de,Female
巢,烨伟,mburnetb9@upenn.edu,Male
居,彦军,jdantoniba@biglobe.ne.jp,Female
别,昕磊,pmielnikbb@mozilla.org,Female
柏,雅静,jelcybc@mapy.cz,Male
魏,雨婷,kstubbertbd@jimdo.com,Female
麴,若瑾,jgreenhallbe@sakura.ne.jp,Male
崔,莉姿,rfayersbf@dailymotion.com,Male
弘,海程,baddessbg@sohu.com,Female
须,宸赫,anairnsbh@soup.io,Female
匡,墨含,ltownsonbi@sbwire.com,Female
詹,伟菘,bbatcheldorbj@addtoany.com,Male
蒯,丰逸,mdoreebk@businessweek.com,Male
虞,哲恒,codegaardbl@123-reg.co.uk,Male
袁,辰华,mbonallackbm@godaddy.com,Female
能,若瑾,lmckleodbn@blogs.com,Female
宣,凰羽,caberdeenbo@cisco.com,Female
耿,茹雪,fpaulusbp@techcrunch.com,Female
钮,浩成,rlindsleybq@miitbeian.gov.cn,Female
隆,丰逸,ssteckingsbr@cafepress.com,Male
逮,远帆,cragbournebs@aboutads.info,Female
邢,美琳,lchasmorbt@google.fr,Female
钱,晓晴,mthrelfallbu@mit.edu,Female
景,昱漳,kcolebybv@epa.gov,Male
卫,雅芙,tmontbw@apple.com,Female
咸,欣妍,kgrinsdalebx@miibeian.gov.cn,Genderfluid
松,崇杉,amayburyby@google.co.uk,Male
向,辰华,fcluetbz@jimdo.com,Female
查,博裕,bmacgounc0@prnewswire.com,Female
戚,博裕,noganc1@bandcamp.com,Female
赖,欣妍,cgrabbanc2@squarespace.com,Male
酆,墨含,chartfieldc3@github.com,Female
那,宸瑜,onapolic4@umich.edu,Agender
周,军卿,egamagec5@gmpg.org,Female
赖,银涵,lgwalterc6@spiegel.de,Male
闵,宸瑜,nwiddopc7@theglobeandmail.com,Genderqueer
禄,清凌,gkirsoppc8@tamu.edu,Female
全,松源,mblandamorec9@amazon.com,Male
僪,俞凯,mredingca@wikia.com,Female
席,孜绍,avillaretcb@unblog.fr,Female
索,雅芙,lburdasscc@ning.com,Male
杨,昱漳,shalfordcd@psu.edu,Non-binary
傅,雨嘉,rmavince@netvibes.com,Male
季,可馨,cmuffordcf@last.fm,Female
班,雨萌,tchampkincg@canalblog.com,Male
钭,宸瑜,mgannych@qq.com,Male
方,浩成,kunsteadci@amazon.com,Female
全,怡香,ydeavenellcj@un.org,Female
宿,宸瑜,csepeyck@economist.com,Female
逮,松源,kcrookescl@altervista.org,Male
虞,昕磊,sperriecm@yahoo.co.jp,Female
牧,亦涵,broubycn@wordpress.com,Female
丰,碧萱,jhawtreyco@vimeo.com,Female
易,梓彤,narnaudcp@smh.com.au,Male
夏,怡香,tpotterycq@tuttocitta.it,Male
赵,云哲,inewbycr@usa.gov,Male
翁,澄泓,tbamboroughcs@stumbleupon.com,Female
晁,军卿,mstollhoferct@nyu.edu,Female
蔡,宸赫,dgunncu@msu.edu,Female
毋,雪怡,bgebhardcv@ustream.tv,Male
袁,欣妍,nbulfieldcw@ox.ac.uk,Male
沈,浩霖,mextercx@geocities.jp,Male
燕,思宏,cdornancy@upenn.edu,Male
刘,墨含,ahallowescz@gmpg.org,Genderfluid
皮,俊泽,eclausenthued0@nbcnews.com,Male
鱼,浩霖,tfried1@icio.us,Genderfluid
管,尹智,slambrookd2@cisco.com,Female
禄,婧涵,nabrianid3@fda.gov,Female
储,俊泽,tgoodbodyd4@bbb.org,Male
饶,莉姿,sfieldd5@gravatar.com,Female
别,晧宇,aheintzschd6@goo.ne.jp,Non-binary
危,浩成,bkaysd7@sbwire.com,Female
茅,远帆,mbolterd8@123-reg.co.uk,Male
管,梓焓,gconstanced9@diigo.com,Polygender
弓,怡香,lebsworthda@mapy.cz,Male
唐,彦军,martindb@imageshack.us,Male
卫,松源,dgilbydc@google.com,Male
左,墨含,eracciodd@deviantart.com,Male
苍,琪煜,mkesleyde@symantec.com,Male
臧,玺越,fcomidf@mediafire.com,Male
邢,琪煜,gleportdg@list-manage.com,Female
缪,宸瑜,elynasdh@google.nl,Male
贺,梓焓,mscargilldi@ebay.co.uk,Female
步,海程,koveraldj@google.de,Polygender
甄,宸赫,btwidledk@free.fr,Female
逮,奕漳,lleeldl@slashdot.org,Male
阮,远帆,rgoodluckdm@netvibes.com,Genderqueer
傅,昱漳,ybremingdn@oaic.gov.au,Female
林,银涵,ahuskissondo@1und1.de,Male
巫,思宇,dgwilliamsdp@psu.edu,Female
印,彦歆,cscroggiedq@nyu.edu,Male
晏,尹智,bmckernandr@businessinsider.com,Female
高,梓焓,cstoggellds@instagram.com,Female
都,琪煜,cbrockettdt@cmu.edu,Male
季,怡香,gbrudu@1688.com,Female
农,尹智,mmohammeddv@europa.eu,Male
阎,轩硕,olevesquedw@ucsd.edu,Male
邹,银涵,hmartydx@shareasale.com,Male
连,可馨,gilchenkody@tripadvisor.com,Female
从,雨萌,gdondondz@hatena.ne.jp,Female
贲,睿杰,xbischoffe0@foxnews.com,Female
阮,正梅,agiannasie1@irs.gov,Female
鞠,培安,ksimonassie2@epa.gov,Male
江,浩成,gbewfielde3@mit.edu,Female
蓟,雨嘉,csilverwoode4@about.me,Agender
暨,睿杰,mheerse5@t.co,Male
扶,志宸,gordelte6@clickbank.net,Male
扶,惠茜,sjanouseke7@wix.com,Female
鲁,龙胜,dbeaushawe8@bloomberg.com,Male
褚,慧妍,akiddere9@wordpress.org,Male
罗,俞凯,lbowtonea@qq.com,Agender
姚,梦洁,rpoytreseb@mysql.com,Female
查,晓晴,dthickec@kickstarter.com,Male
庾,崇杉,asatforded@cpanel.net,Male
阎,思宇,cregitzee@mtv.com,Female
逮,雨婷,hhanselmannef@eepurl.com,Male
麻,墨含,bbirbeckeg@dropbox.com,Female
郭,伟宸,mcaulcotteh@acquirethisname.com,Male
巴,思宇,ibradnumei@github.io,Polygender
濮,梓焓,wcurcherej@yolasite.com,Female
秦,婧涵,rviversek@mayoclinic.com,Male
邹,可馨,mjobinel@princeton.edu,Female
僪,美莲,remansonem@ft.com,Female
夏,宇涵,dpruceen@who.int,Male
栾,雅芙,fburgotteo@zdnet.com,Female
靳,俊泽,cdelbouxep@acquirethisname.com,Female
廖,辰华,jvynolleq@home.pl,Female
毕,龙胜,marnaulter@taobao.com,Female
吕,思宏,bbotcherbyes@businessinsider.com,Male
谢,依娜,wpaytonet@uiuc.edu,Female
钮,思宇,khouldeneu@prnewswire.com,Female
蔺,宇涵,gmarkovichev@jigsy.com,Female
邵,龙胜,mwillingamew@dagondesign.com,Female
许,碧萱,melfeex@ask.com,Female
郎,静香,mradbandey@skyrock.com,Male
戈,羽彤,edecullipez@fastcompany.com,Male
郜,澄泓,cheinrichf0@ucoz.ru,Female
蒙,晧宇,lhoultf1@timesonline.co.uk,Female
孔,凰羽,roakdenf2@w3.org,Female
吕,泽瀚,wandratf3@exblog.jp,Male
晁,凰羽,eolekf4@theatlantic.com,Female
仲,伟宸,astebbingsf5@craigslist.org,Male
周,婧琪,ijeppef6@rambler.ru,Polygender
陈,博裕,phopkynsonf7@twitter.com,Male
储,茹雪,sgilsthorpef8@google.com.hk,Male
晏,璟雯,esanchisf9@discuz.net,Male
贺,笑薇,asquirefa@bandcamp.com,Female
鲍,志宸,jlankesterfb@sakura.ne.jp,Female
邢,昕磊,akulasfc@cpanel.net,Female
游,昕磊,nsanbrookefd@typepad.com,Male
相,俞凯,mfranschinife@storify.com,Female
路,宸赫,astorrarff@reverbnation.com,Female
柳,鑫蕾,sthickpennyfg@spiegel.de,Female
褚,若瑾,vmcmainsfh@ft.com,Male
通,培安,ldanserfi@spotify.com,Polygender
黄,玺越,esherewoodfj@comsenz.com,Female
穆,玺越,kchattenfk@vinaora.com,Male
滑,尹智,mhulkesfl@twitter.com,Male
韦,孜绍,pmccathiefm@nhs.uk,Male
闵,轩硕,ngrzeskowskifn@tiny.cc,Female
康,婧琪,wtowlfo@live.com,Male
郝,浩成,fcleavefp@livejournal.com,Male
钮,泽瀚,einsealfq@wp.com,Polygender
仲,莉姿,mcavellfr@gmpg.org,Male
施,美莲,cgurnerfs@ezinearticles.com,Female
衡,婧琪,lgoedeft@time.com,Female
林,泽瀚,ccaultonfu@usgs.gov,Female
庄,睿杰,gworlingfv@homestead.com,Female
经,晓烽,gspencefw@archive.org,Female
顾,孜绍,mlampettfx@paypal.com,Male
蒙,尚霖,bruddfy@craigslist.org,Male
龙,晓晴,hpoznanfz@youku.com,Male
柯,佐仪,dhushg0@youtu.be,Female
古,秉皓,bayscoughg1@elpais.com,Genderqueer
储,培安,bsimnettg2@scribd.com,Male
伏,展博,yhanwellg3@wix.com,Male
桑,尚霖,abentg4@prnewswire.com,Male
戎,俞凯,dreedsg5@redcross.org,Male
晏,梓焓,isouterg6@themeforest.net,Female
屈,展博,zcorkittg7@technorati.com,Female
熊,雨婷,omcgeacheyg8@newyorker.com,Female
方,晓烽,lvlasyevg9@123-reg.co.uk,Female
伍,泽瀚,ccomberga@bbb.org,Male
郎,清凌,lvasilyevskigb@friendfeed.com,Male
柳,银含,gtaxgc@netlog.com,Female
邱,昕磊,tbearcockgd@myspace.com,Non-binary
和,雪丽,poelsge@elpais.com,Male
郦,俊誉,hsiggingf@ca.gov,Male
吴,博裕,avigursgg@unc.edu,Male
隆,璟雯,jlafontgh@reuters.com,Male
张,辰华,enouchgi@nifty.com,Male
谈,尚霖,cbateripgj@rambler.ru,Male
应,淑颖,dblacksellgk@mozilla.com,Male
施,松源,dmanzgl@nytimes.com,Male
彭,梓焓,iworldgm@phpbb.com,Male
储,尚贤,ecastertongn@dion.ne.jp,Female
娄,彦歆,stordiffego@toplist.cz,Male
颜,若瑾,sstapleygp@shutterfly.com,Male
鱼,尹智,htomesgq@phpbb.com,Genderfluid
于,思翰,lduddellgr@ifeng.com,Female
桓,尹智,aspearsgs@theguardian.com,Female
郜,宸赫,jdinnisgt@ucoz.ru,Female
滑,秩选,gmardygu@uol.com.br,Male
游,晓烽,haluardgv@ezinearticles.com,Bigender
柏,泰霖,mguestgw@altervista.org,Male
蓟,若瑾,lrubinekgx@bluehost.com,Male
陆,松源,bgilsongy@alibaba.com,Female
胡,晧宇,csleneygz@privacy.gov.au,Male
雍,轩硕,chemsteadh0@cam.ac.uk,Female
冯,宸赫,bgearingh1@canalblog.com,Male
钭,欣妍,dashingdenh2@bloglines.com,Male
蔚,冠希,ikeelingh3@cmu.edu,Female
印,慧妍,emillierh4@tinypic.com,Male
隆,志宸,agerdtsh5@ebay.co.uk,Male
喻,娅楠,rgranthamh6@t.co,Female
易,俊誉,sheyworthh7@arstechnica.com,Female
季,永鑫,lmargueriteh8@sitemeter.com,Female
山,孜绍,psmeedh9@globo.com,Male
蒋,玺越,sjasperha@marketwatch.com,Female
元,香茹,wlytellhb@nationalgeographic.com,Male
闻,依娜,cfruenhc@engadget.com,Female
昌,美莲,awebberleyhd@amazon.co.jp,Male
易,笑薇,dbastardhe@bing.com,Male
叶,彤雨,rcolafatehf@amazon.com,Genderfluid
鱼,博豪,sharcushg@bloomberg.com,Female
伏,泰霖,ameleskhh@ucsd.edu,Female
臧,欣妍,rcastellacciohi@multiply.com,Male
滑,睿杰,ilequeuxhj@imgur.com,Male
焦,皓睿,iallberryhk@devhub.com,Male
万,彦军,tquadehl@fema.gov,Male
陆,思宇,rsinclairehm@biglobe.ne.jp,Female
盍,冠希,hmartinettohn@youku.com,Bigender
武,雨萌,vhackeyho@naver.com,Female
成,玺越,rgrellierhp@tamu.edu,Genderfluid
纪,俞凯,schiccohq@redcross.org,Female
昝,尹智,msackshr@woothemes.com,Male
孔,墨含,nrevingtonhs@mlb.com,Male
朱,思翰,pwrixonht@ustream.tv,Female
夔,钰彤,kblesdillhu@wp.com,Female
扶,琪煜,bbarrowcliffhv@cargocollective.com,Male
阎,清凌,jpilkintonhw@chicagotribune.com,Female
祁,俞凯,gkachellerhx@blogspot.com,Female
简,展博,btewhy@surveymonkey.com,Male
史,萧然,ctuckerhz@eepurl.com,Female
贲,雪怡,mumplebyi0@ed.gov,Female
施,羽彤,egraddelli1@mit.edu,Bigender
满,梓焓,mgrowcocki2@senate.gov,Male
史,梓焓,amaddrai3@apple.com,Male
华,澄泓,wenglishbyi4@gnu.org,Male
满,晓烽,tbarnewelli5@unesco.org,Male
栾,晓晴,kcomeri6@nih.gov,Female
锺,海程,ctraylingi7@behance.net,Female
花,月松,mpalleyi8@cnbc.com,Female
韦,泰霖,mpettetti9@huffingtonpost.com,Male
胥,松源,jhazemania@google.fr,Male
韦,惠茜,tcadellib@ehow.com,Male
沃,孜绍,vwithinshawic@yelp.com,Polygender
羊,远帆,drayerid@theatlantic.com,Male
程,睿杰,rhalvorsenie@angelfire.com,Female
尤,彦军,dtabernerif@technorati.com,Male
仇,凰羽,agronoig@usgs.gov,Female
仰,烨伟,ahowkinsih@buzzfeed.com,Male
康,秩选,hbradlaughii@domainmarket.com,Male
池,唯枫,pmazzilliij@sakura.ne.jp,Male
庄,银含,aguyersik@walmart.com,Female
韩,志宸,dbernasekil@ow.ly,Male
巫,崇杉,arodolfiim@taobao.com,Male
邵,泽瀚,abuntainin@tmall.com,Female
毕,晧宇,eschreiio@sciencedaily.com,Male
郜,宸瑜,clismerip@networkadvertising.org,Agender
宓,辰华,lbeaconsalliq@illinois.edu,Female
蒙,芮涵,cprescoteir@hatena.ne.jp,Male
晁,宸瑜,pspellingis@prweb.com,Male
许,俊泽,sbernaldoit@so-net.ne.jp,Female
殳,丰逸,bbirkinshawiu@sogou.com,Male
卫,若瑾,seeftingiv@geocities.com,Female
家,轩硕,probertoiw@shop-pro.jp,Male
籍,彦军,cbroscombeix@rediff.com,Male
郝,宇涵,kmarkovichiy@artisteer.com,Male
童,璟雯,epicottiz@1und1.de,Male
席,静香,hgraybealj0@craigslist.org,Male
仲,烨伟,jrapinj1@hexun.com,Female
章,琪煜,emacfarlanej2@squarespace.com,Genderfluid
谈,茹雪,ehugonetj3@soundcloud.com,Male
郑,彦军,sledamunj4@senate.gov,Male
舒,晓烽,vaudreyj5@bandcamp.com,Female
怀,晓晴,sjoseyj6@microsoft.com,Female
宓,伟宸,kortetj7@cornell.edu,Female
简,睿杰,tbloanj8@joomla.org,Female
邴,品逸,nlumj9@army.mil,Male
耿,博豪,rhawksbyja@jigsy.com,Male
越,泰霖,esheircliffejb@blogtalkradio.com,Female
安,琪煜,anuthjc@mapquest.com,Male
梁,若瑾,hbandyjd@usnews.com,Bigender
居,俞凯,alakemanje@ning.com,Male
苏,萧然,memmensjf@skype.com,Male
空,晓烽,ljosovitzjg@bbb.org,Female
终,博裕,fsenecautjh@spotify.com,Agender
虞,博裕,ewestmanji@yahoo.co.jp,Male
樊,雪丽,scanterojj@themeforest.net,Bigender
祝,尹智,awithinshawjk@uiuc.edu,Male
徐,凰羽,qnucciottijl@washingtonpost.com,Female
贺,宸瑜,tbillisonjm@ameblo.jp,Female
扶,羽彤,gbritianjn@csmonitor.com,Female
蔺,香茹,tstreetfieldjo@sfgate.com,Male
阚,婧琪,wgerrardjp@discovery.com,Female
赵,秉皓,mlomisjq@google.es,Female
习,辰华,vdinsmorejr@usa.gov,Female
常,轩硕,rcabanejs@netvibes.com,Female
侯,宇涵,lgulbergjt@bizjournals.com,Female
强,培安,miveyju@irs.gov,Male
俞,泽瀚,oboschjv@unesco.org,Male
卞,轩硕,pjaymejw@samsung.com,Female
廖,烨伟,cwindressjx@opensource.org,Female
阚,晧宇,tgerardijy@weibo.com,Female
易,云哲,lpersichjz@yolasite.com,Female
程,笑薇,cguidinik0@godaddy.com,Male
简,雪丽,rpepperk1@blogtalkradio.com,Male
阳,轩硕,sheadingsk2@google.de,Male
吕,婧涵,cthickinsk3@bbb.org,Female
范,博豪,cgrealyk4@youtube.com,Male
别,哲恒,isallingsk5@amazon.co.uk,Female
乜,彦歆,bspaceyk6@exblog.jp,Male
管,瀚聪,dmanningk7@squidoo.com,Bigender
巫,梓彤,hmulhollandk8@berkeley.edu,Male
裴,辰华,tboudak9@yellowbook.com,Female
毋,宸瑜,tloadeka@amazon.co.jp,Female
燕,冠泽,ktrumpkb@ebay.co.uk,Male
訾,瀚聪,wocodihiekc@ebay.co.uk,Male
纪,惠茜,eitzhaiekkd@phpbb.com,Female
蓬,雅静,fmcilreavyke@behance.net,Agender
池,宸赫,ldwellykf@simplemachines.org,Male
水,宸赫,ndowkg@lycos.com,Female
何,晓晴,gsandiferkh@dell.com,Female
冉,伟宸,eshakshaftki@amazon.co.uk,Female
蒋,昱漳,tshortinkj@purevolume.com,Male
郭,琪煜,rmccomekk@cdbaby.com,Female
尚,佐仪,tmilmokl@edublogs.org,Female
章,秩选,abamblettkm@apple.com,Female
单,丰逸,dcarslakekn@usgs.gov,Male
贡,美莲,nhupeko@mapquest.com,Male
石,伟菘,kklaassenskp@irs.gov,Female
干,远帆,dmacuchadairkq@army.mil,Male
江,冠泽,kjeannonkr@senate.gov,Male
堵,冠泽,lgrundeyks@wikimedia.org,Male
成,宸瑜,mfinlowkt@discuz.net,Female
游,月婵,slanfareku@jimdo.com,Male
穆,昕磊,cstartenkv@geocities.com,Male
丰,冠泽,lgougekw@ihg.com,Male
阚,韵寒,mnelthroppkx@msn.com,Female
沈,昕磊,alabellky@nymag.com,Male
蒋,浩成,selseykz@samsung.com,Bigender
习,冠泽,dvasilchenkol0@ask.com,Male
雷,碧萱,eremirezl1@privacy.gov.au,Male
巩,嫦曦,tfoldesl2@java.com,Bigender
史,永鑫,mrousbyl3@google.nl,Male
栾,凰羽,awheelhousel4@amazon.co.uk,Female
任,瀚聪,sbogartl5@macromedia.com,Male
庄,月婵,jlillemanl6@naver.com,Female
江,晓晴,kgrenshieldsl7@cnn.com,Male
僪,晓烽,gknollesgreenl8@smh.com.au,Female
毕,辰华,rhiscocksl9@yandex.ru,Male
巫,欣妍,traisherla@nhs.uk,Female
穆,博豪,hsalmanlb@apache.org,Female
乐,鑫蕾,etriswelllc@merriam-webster.com,Non-binary
隗,俊誉,ppeakeld@wikimedia.org,Male
勾,宸瑜,cdibdinle@cafepress.com,Female
季,昕磊,cmandelllf@deviantart.com,Male
羊,芮涵,storfinlg@ocn.ne.jp,Male
卢,凰羽,hadrianilh@nifty.com,Male
盛,军卿,btoddli@businessweek.com,Female
融,睿杰,wcrumbylj@china.com.cn,Female
蔡,尚贤,wdavanalk@vinaora.com,Female
曾,海程,sliklyll@loc.gov,Female
臧,秩选,gcolebylm@prweb.com,Male
何,萧然,mlowinln@4shared.com,Female
童,尹智,nnecoldslo@cocolog-nifty.com,Male
穆,浩霖,dlohrensenlp@google.ru,Female
施,淑颖,bwardalllq@gnu.org,Male
班,笑薇,llettsomlr@webeden.co.uk,Male
严,梦婷,dsuerols@cargocollective.com,Female
左,博豪,hkinsleylt@arstechnica.com,Female
宁,怡香,ctrowilllu@wix.com,Female
简,尹智,apervoelv@telegraph.co.uk,Male
寿,可馨,adeethlw@livejournal.com,Female
荆,嫦曦,aramptonlx@indiegogo.com,Female
卓,冠泽,dmargrettly@cyberchimps.com,Non-binary
裘,月婵,gvitetlz@google.ru,Male
滑,淑颖,msileym0@ezinearticles.com,Male
戈,辰华,nantonikm1@paginegialle.it,Female
贡,博裕,ccammiemilem2@dagondesign.com,Male
倪,永鑫,probusm3@free.fr,Male
荣,昕磊,pdradeym4@symantec.com,Female
高,晓晴,aolivellam5@salon.com,Male
甄,慧妍,wdennisonm6@alibaba.com,Male
廖,唯枫,hdudmanm7@nps.gov,Female
容,云哲,hgammillm8@nature.com,Female
麴,雨嘉,ecrohanm9@wordpress.org,Female
范,婧琪,ocoughma@nytimes.com,Male
裘,婧涵,gcatomb@goo.ne.jp,Male
齐,秩选,lrowcliffemc@baidu.com,Female
章,展博,acoalburnmd@lycos.com,Female
柳,宸瑜,ramottme@epa.gov,Male
融,亦涵,clukianovmf@washington.edu,Female
罗,永鑫,sbaylesmg@arizona.edu,Female
雍,依娜,mderobertmh@wordpress.org,Female
计,慧妍,ddedrickmi@reference.com,Female
马,羽彤,jdingwallmj@youku.com,Male
屠,宸赫,fmelmethmk@goodreads.com,Female
松,俞凯,bvarleyml@tinypic.com,Male
赖,莉姿,edarcomm@seesaa.net,Female
程,宸瑜,zallansmn@ucoz.ru,Male
管,孜绍,qogriffinmo@joomla.org,Non-binary
高,梓焓,emattingleymp@java.com,Female
樊,娅楠,velderbrantmq@time.com,Female
羿,伟宸,lcostemr@nba.com,Male
广,璟雯,wdebeauchampms@networksolutions.com,Female
巫,思宇,npaffettmt@google.cn,Female
侯,雨萌,jdunstermu@geocities.com,Polygender
郑,睿杰,tnessmv@twitpic.com,Male
张,钰彤,srumensmw@homestead.com,Male
蔡,雨嘉,mdudsonmx@lycos.com,Male
禹,澄泓,ajacobowitsmy@barnesandnoble.com,Female
于,璟雯,ggrassettmz@sakura.ne.jp,Female
舒,佐仪,dtallisn0@wikimedia.org,Male
和,昕磊,smoneryn1@nymag.com,Female
申,依娜,rhemshalln2@newsvine.com,Non-binary
谷,海程,divanchikovn3@about.com,Male
郦,羽彤,lpedlern4@squarespace.com,Female
易,尹智,coldroyden5@patch.com,Female
靳,雨婷,nkerswelln6@cafepress.com,Non-binary
易,娅楠,mgrelikn7@mapy.cz,Male
雍,月松,yelln8@360.cn,Female
庾,剑波,singlibyn9@state.tx.us,Female
游,墨含,lcrosskellna@weibo.com,Male
左,孜绍,dconybearnb@forbes.com,Female
郗,萧然,dgounetnc@yellowbook.com,Female
弘,俞凯,dspitellnd@npr.org,Male
支,宇涵,hgrenehamne@tinypic.com,Female
冉,泽瀚,dmacnultynf@nyu.edu,Male
竺,羽彤,ocraskeng@tamu.edu,Female
吉,丰逸,dbettamnh@naver.com,Male
彭,尚霖,fchislettni@dailymail.co.uk,Female
沈,梓焓,gkinforthnj@springer.com,Female
柴,浩成,wferrierenk@tuttocitta.it,Female
邬,宸赫,epilkingtonnl@nsw.gov.au,Male
须,伟菘,icattellnm@hp.com,Male
松,哲恒,ejentzschnn@surveymonkey.com,Genderfluid
濮,彤雨,slawransonno@twitpic.com,Female
沈,彤雨,sstattonnp@naver.com,Male
萧,彦歆,dleleunq@quantcast.com,Male
濮,品逸,mnewisnr@wisc.edu,Female
卜,博裕,jciccoloins@opensource.org,Male
孟,宇涵,ncelesnt@auda.org.au,Female
莘,泰霖,gjaycocknu@angelfire.com,Bigender
郗,唯枫,aauldsnv@amazon.de,Non-binary
晏,军卿,dgadeauxnw@quantcast.com,Male
昝,瀚聪,vmurdochnx@ucla.edu,Non-binary
经,永鑫,mattoeny@symantec.com,Female
扶,伟菘,kstorienz@walmart.com,Male
柳,展博,tmccrackeno0@uiuc.edu,Male
史,宸瑜,cyudeo1@1688.com,Genderqueer
元,慧妍,mroscriggo2@rambler.ru,Male
巴,晧宇,amattiuzzio3@youtu.be,Agender
阎,云哲,hkunato4@tamu.edu,Male
姬,晓烽,teliassono5@japanpost.jp,Male
袁,月婵,tstukingso6@dmoz.org,Female
诸,钰彤,cgittingso7@imdb.com,Male
暴,雪丽,dericksono8@narod.ru,Female
魏,雪丽,syeldono9@cisco.com,Male
都,雪怡,ngregolioa@cbc.ca,Male
梅,琪煜,lavramchikob@ovh.net,Male
鞠,可馨,zbaffinoc@tiny.cc,Male
封,秩选,zdominkaod@un.org,Female
饶,培安,dhodgonoe@tripod.com,Female
夏,丰逸,sroundof@webs.com,Male
邬,伟宸,jsturgessog@reddit.com,Female
潘,泽瀚,lpriestoh@istockphoto.com,Female
郁,尚贤,vrodolicooi@godaddy.com,Male
焦,丰逸,wlombardooj@yahoo.co.jp,Male
禹,晓烽,jwigglesworthok@scientificamerican.com,Male
璩,品逸,egoldsmithol@dmoz.org,Agender
花,皓睿,aramosom@tiny.cc,Male
池,美莲,kguichardon@earthlink.net,Female
房,宸瑜,rburnetoo@virginia.edu,Female
翁,美琳,ahildredop@miibeian.gov.cn,Male
刁,泽瀚,cmashoq@rediff.com,Male
祝,琪煜,mchurchwardor@weather.com,Female
简,秉皓,draffos@seattletimes.com,Female
罗,思翰,cwreightot@arizona.edu,Male
越,墨含,jcorckou@usnews.com,Female
庄,崇杉,nbannonov@wired.com,Male
卜,展博,pladonow@t.co,Female
宣,伟菘,gskillingsox@4shared.com,Male
潘,品逸,vturtleoy@webeden.co.uk,Female
郦,月婵,lmarchmentoz@surveymonkey.com,Male
任,博豪,kbranstonp0@thetimes.co.uk,Male
包,萧然,dhabershonp1@myspace.com,Female
顾,墨含,erallingp2@facebook.com,Male
顾,嫦曦,bbaudonp3@tinypic.com,Male
汲,宇涵,ekikp4@pbs.org,Male
靳,雨嘉,bplattp5@pagesperso-orange.fr,Female
桑,泰霖,fduffilp6@diigo.com,Male
邢,笑薇,aandriveauxp7@51.la,Female
沙,欣妍,sarneyp8@bandcamp.com,Male
闻,军卿,fbraynep9@is.gd,Male
郑,崇杉,tlipscombepa@mail.ru,Female
羊,宸瑜,jdingpb@bravesites.com,Agender
魏,俞凯,ajagiellopc@joomla.org,Female
狄,玺越,rcawseypd@blogtalkradio.com,Male
瞿,辰华,mshillingpe@posterous.com,Bigender
杜,宇涵,lpitherickpf@pbs.org,Male
容,尚贤,khauxbypg@arstechnica.com,Agender
贲,笑薇,ccarringtonph@freewebs.com,Male
古,钰彤,sjerrimpi@privacy.gov.au,Female
隗,剑波,ehillyattpj@eventbrite.com,Male
车,羽彤,ltoderbruggepk@1und1.de,Male
邰,宸瑜,jfinniganpl@businessinsider.com,Female
滕,远帆,djerchepm@walmart.com,Male
白,若瑾,mszymanowskipn@opensource.org,Male
郁,梦婷,gjenneypo@hhs.gov,Male
谈,茹雪,cphytheanpp@topsy.com,Female
余,梦婷,cberreypq@squidoo.com,Male
庾,香茹,mponnsettpr@ibm.com,Male
葛,怡香,adewildeps@answers.com,Male
乌,龙胜,tsauvagept@mit.edu,Male
辛,烨伟,tbugbypu@reddit.com,Genderqueer
翁,培安,phellingspv@tumblr.com,Female
梁,烨伟,miannopw@abc.net.au,Female
伏,梓焓,doccleshawpx@statcounter.com,Male
巫,怡香,akindleypy@adobe.com,Female
滕,昕磊,cmennellpz@youtu.be,Genderqueer
夔,梓焓,ppedrolq0@tripod.com,Female
益,雨婷,ddurrandq1@so-net.ne.jp,Male
欧,梦婷,mrosenblattq2@g.co,Non-binary
逄,怡香,pmatieweq3@vistaprint.com,Male
徐,宸瑜,tpaolettiq4@nytimes.com,Female
池,秩选,mgleadhallq5@xing.com,Male
松,月婵,kboatswainq6@wp.com,Female
璩,玺越,svictorq7@ovh.net,Male
裘,睿杰,ecrossq8@mit.edu,Female
包,远帆,scarabetq9@prlog.org,Female
寇,婧涵,gsmalingqa@mlb.com,Male
丰,博裕,cblitzqb@hud.gov,Female
严,昱漳,yelstonqc@youtube.com,Female
沈,香茹,hneseyqd@seattletimes.com,Male
空,宇涵,tmcpakeqe@addthis.com,Female
魏,秩选,mbowlerqf@xinhuanet.com,Male
宿,秉皓,saprahamianqg@sakura.ne.jp,Female
喻,婧琪,ffullertonqh@feedburner.com,Female
费,月松,ccrowtheqi@yolasite.com,Female
江,昕磊,pshropsheirqj@ustream.tv,Male
关,亦涵,diglesiasqk@chronoengine.com,Female
水,佐仪,ldraytonql@pinterest.com,Female
司,晓晴,aeskriggqm@hubpages.com,Female
却,孜绍,ctumbeltyqn@npr.org,Female
寇,婧琪,nmitchelyqo@unblog.fr,Male
庾,可馨,tkeeffeqp@networksolutions.com,Male
锺,志宸,sableyqq@topsy.com,Female
李,凰羽,pportigallqr@slideshare.net,Male
沙,尚贤,rchippindallqs@51.la,Male
茅,浩成,bfaireqt@geocities.jp,Female
利,孜绍,dcossentinequ@accuweather.com,Female
戈,伟菘,dmccroneqv@ft.com,Female
怀,昕磊,edacostaqw@dedecms.com,Male
狄,墨含,tstovoldqx@parallels.com,Female
厍,晓晴,fwarrackqy@constantcontact.com,Male
冉,培安,llittrikqz@symantec.com,Male
利,浩成,shulettr0@mac.com,Male
连,晓烽,kwoolnoughr1@deviantart.com,Female
冯,雨萌,dhodgenr2@blog.com,Male
包,博裕,mledinghamr3@icio.us,Female
巢,芮涵,lsikorskyr4@ucoz.com,Female
国,俞凯,nworshamr5@canalblog.com,Male
晏,茹雪,abroadbridger6@newsvine.com,Female
卢,淑颖,pbaxterr7@unblog.fr,Male
栾,孜绍,jsudellr8@51.la,Female
别,月婵,dgwillyamr9@dailymail.co.uk,Male
养,思宇,lgardra@macromedia.com,Female
郑,娅楠,midiensrb@pagesperso-orange.fr,Female
皮,浩成,gacremanrc@tamu.edu,Male
皮,俊泽,jbrunigesrd@earthlink.net,Female
糜,晓晴,ghurichre@noaa.gov,Male
慎,娅楠,cgelardirf@opera.com,Female
顾,墨含,bguinessrg@forbes.com,Female
印,远帆,eclemmowrh@psu.edu,Female
酆,萧然,gyeabsleyri@friendfeed.com,Female
卞,月松,blabdenrj@globo.com,Male
容,凰羽,atilleyrk@smh.com.au,Male
闵,静香,esenterrl@bizjournals.com,Male
单,若瑾,ayausrm@cornell.edu,Male
柯,晓晴,redgeleyrn@histats.com,Male
金,婧琪,emccoyro@seesaa.net,Male
危,伟宸,ehearonsrp@dropbox.com,Female
师,漫妮,ebecherq@si.edu,Female
邓,秉皓,kdownesrr@pbs.org,Female
